,Id, Genre,1
0,100059573609216054.mp3,1,7
1,1001113622816284260.mp3,1,3
2,1001598099612745087.mp3,1,7
3,1002790179495331332.mp3,1,3
4,1004211481565725610.mp3,1,7
5,1008112159421359723.mp3,1,7
6,1008915731338864129.mp3,1,4
7,1013825837004562346.mp3,1,7
8,1018032428146900144.mp3,1,7
9,1023008757274158178.mp3,1,7
10,1028033966901040386.mp3,1,7
11,1028249307886191180.mp3,1,5
12,1034077017333151832.mp3,1,7
13,1034556387178849411.mp3,1,7
14,1042952659157158939.mp3,1,7
15,1043603408955842702.mp3,1,7
16,105464808853881867.mp3,1,7
17,1055348239261991277.mp3,1,7
18,1059390233776534305.mp3,1,7
19,1064658722421978903.mp3,1,7
20,1073346795346769154.mp3,1,2
21,1075244766663606605.mp3,1,7
22,1075499365712595676.mp3,1,7
23,1078314436324020145.mp3,1,3
24,1080823149366349112.mp3,1,7
25,108579866371688156.mp3,1,7
26,1096584836616377188.mp3,1,5
27,1096846916675629227.mp3,1,3
28,110153579548688359.mp3,1,3
29,1112229601666783404.mp3,1,7
30,1115516770174684101.mp3,1,7
31,111875254072901366.mp3,1,7
32,1121332955241704218.mp3,1,7
33,1139538676790864830.mp3,1,7
34,1150908608249086446.mp3,1,7
35,1155207562493151173.mp3,1,7
36,1157381065566371554.mp3,1,5
37,1158317603155497267.mp3,1,7
38,1171919643918048375.mp3,1,5
39,1174466363585077543.mp3,1,7
40,1175967270613504863.mp3,1,3
41,1178116106481492177.mp3,1,7
42,1182061041830684063.mp3,1,4
43,1185529523339399154.mp3,1,7
44,1203873758981267727.mp3,1,7
45,1205017267646103217.mp3,1,7
46,1209281621759657677.mp3,1,5
47,1213781420445929341.mp3,1,7
48,1217894407586505303.mp3,1,7
49,1226440752973388628.mp3,1,3
50,122748869606228559.mp3,1,9
51,1228976518978202697.mp3,1,3
52,1230674316129375511.mp3,1,7
53,1237510896811462078.mp3,1,7
54,1243318756302228499.mp3,1,7
55,1251068118324657100.mp3,1,7
56,1254962867568980686.mp3,1,7
57,1262664985821562374.mp3,1,7
58,126303657654473154.mp3,1,7
59,1263874599766046216.mp3,1,7
60,1278248948927171511.mp3,1,7
61,1282319803624351751.mp3,1,7
62,1283544924165610820.mp3,1,7
63,1284306714557537213.mp3,1,7
64,1288413631336525379.mp3,1,7
65,1294691402546405000.mp3,1,7
66,1297126971127672375.mp3,1,4
67,1297306027685979858.mp3,1,7
68,1299179831506861570.mp3,1,7
69,1301310090540150072.mp3,1,3
70,1302814502590273248.mp3,1,5
71,1317009338289394675.mp3,1,5
72,1321010559980643154.mp3,1,7
73,1322866723264070514.mp3,1,0
74,1323549424882051180.mp3,1,7
75,1324987196020335177.mp3,1,7
76,1331261480862115977.mp3,1,3
77,1333437551891444197.mp3,1,5
78,1335112703466849537.mp3,1,7
79,1336004267808029229.mp3,1,7
80,1336914934677481154.mp3,1,1
81,1337521327266889349.mp3,1,7
82,1338226170994394421.mp3,1,7
83,1347584464851236383.mp3,1,1
84,1355589805263461818.mp3,1,4
85,1360135139170843978.mp3,1,3
86,1366870355006747710.mp3,1,7
87,1372263097877456600.mp3,1,7
88,1380010122677140558.mp3,1,7
89,138833537706630594.mp3,1,7
90,1388680812159467148.mp3,1,7
91,1390443416854219856.mp3,1,7
92,1393705784223769803.mp3,1,7
93,1397018885918717631.mp3,1,7
94,1404843262724185852.mp3,1,9
95,1405730489867533252.mp3,1,4
96,141445872318761188.mp3,1,7
97,1421110281943465330.mp3,1,7
98,1424588882177440536.mp3,1,7
99,1429855713769300539.mp3,1,3
100,1432934955498602140.mp3,1,4
101,1434413812542280290.mp3,1,1
102,1434611583530800044.mp3,1,3
103,1436277949390379136.mp3,1,7
104,1446682971625148852.mp3,1,7
105,1446799877501951865.mp3,1,7
106,1447386168968573369.mp3,1,7
107,1447986009563467530.mp3,1,3
108,1449805671478644290.mp3,1,7
109,145044709385295299.mp3,1,7
110,1450503666647715065.mp3,1,7
111,1454212830510951150.mp3,1,7
112,1454386706869994851.mp3,1,3
113,145566473358172151.mp3,1,7
114,1456656369273408181.mp3,1,7
115,1456879308871672631.mp3,1,7
116,1466137844170634837.mp3,1,7
117,1471602504779893975.mp3,1,7
118,1478179997193208231.mp3,1,7
119,1482258719158627622.mp3,1,7
120,1482933654037801848.mp3,1,7
121,148330626325522782.mp3,1,7
122,1489312635630189568.mp3,1,7
123,1490431640293424386.mp3,1,7
124,1491984728029235309.mp3,1,7
125,1492113832697169117.mp3,1,5
126,1496479577269104343.mp3,1,7
127,1498036673273608616.mp3,1,7
128,1502680264334680160.mp3,1,7
129,1504214066916599896.mp3,1,7
130,1505558870187830140.mp3,1,1
131,1506088575039001732.mp3,1,4
132,1516198028412991570.mp3,1,7
133,1517163967946397016.mp3,1,7
134,1518256179200728867.mp3,1,7
135,1521334102750897839.mp3,1,5
136,1523164488277133917.mp3,1,7
137,1528791208000938275.mp3,1,7
138,1536075605859753380.mp3,1,7
139,1537259542314771134.mp3,1,7
140,1539327477326265308.mp3,1,7
141,1552233266684303699.mp3,1,3
142,1563521451510683708.mp3,1,4
143,156747618399629758.mp3,1,7
144,1570070205311880017.mp3,1,3
145,1588110182678244422.mp3,1,7
146,1589037431845949396.mp3,1,7
147,1589641872781364291.mp3,1,7
148,1589733552294715312.mp3,1,3
149,1590524631083463718.mp3,1,4
150,1595856768468550884.mp3,1,7
151,1599954041643236450.mp3,1,7
152,1603960826542859209.mp3,1,7
153,1623980271978354935.mp3,1,7
154,163799264254273157.mp3,1,4
155,1638039119923723352.mp3,1,7
156,1640114101809485810.mp3,1,4
157,1644038097321408381.mp3,1,7
158,1647777279386440156.mp3,1,7
159,1651438740655881833.mp3,1,7
160,1663290289749243875.mp3,1,7
161,1669194426702560367.mp3,1,7
162,1674259264702642343.mp3,1,0
163,1675274966587603626.mp3,1,7
164,1675298285024455655.mp3,1,7
165,1678337775898889888.mp3,1,7
166,1682440096257579187.mp3,1,7
167,1687722742134795026.mp3,1,7
168,1688802883063985136.mp3,1,7
169,1692548938569857099.mp3,1,4
170,1697361124142473663.mp3,1,3
171,1701599262735276283.mp3,1,7
172,1712413195185033366.mp3,1,7
173,1725594501934176948.mp3,1,7
174,1728187196330391621.mp3,1,7
175,172959655856664330.mp3,1,5
176,1735175498863431884.mp3,1,7
177,1743218094480297903.mp3,1,7
178,1744387723584776069.mp3,1,7
179,1744765631060410881.mp3,1,7
180,174686257122306020.mp3,1,7
181,174804403027931226.mp3,1,7
182,1749880378701387310.mp3,1,7
183,1749953941985234861.mp3,1,7
184,1756694362089018369.mp3,1,7
185,1759592623449760739.mp3,1,3
186,1762275880592825717.mp3,1,4
187,176758198514930763.mp3,1,7
188,1768371380237763616.mp3,1,7
189,1769467115792036678.mp3,1,5
190,1770707818858810613.mp3,1,5
191,1771869842851274181.mp3,1,1
192,1774100921494158198.mp3,1,7
193,1781636714000487165.mp3,1,4
194,1785514224972749277.mp3,1,5
195,1790059855608785524.mp3,1,7
196,1791101865597279961.mp3,1,4
197,1795173959378555277.mp3,1,7
198,1802588364111070566.mp3,1,7
199,1807032213211940097.mp3,1,7
200,1808186277556593559.mp3,1,7
201,1831611159470414196.mp3,1,7
202,1832932546199093879.mp3,1,7
203,1836069388610052831.mp3,1,7
204,1839247919261287640.mp3,1,4
205,1843240314056878563.mp3,1,7
206,1846751218351765108.mp3,1,7
207,1848301874483272345.mp3,1,7
208,1848999389006144569.mp3,1,7
209,1857208039183351495.mp3,1,7
210,1857225675926659023.mp3,1,7
211,1857330355023553036.mp3,1,7
212,1860165796861099877.mp3,1,7
213,1864574561260605625.mp3,1,5
214,188106845751642955.mp3,1,7
215,1883640596846817615.mp3,1,7
216,1898065644772830105.mp3,1,7
217,1904497209591989876.mp3,1,7
218,1907651286268495769.mp3,1,7
219,1910800355476583835.mp3,1,7
220,191485500766040549.mp3,1,7
221,1919498420885232639.mp3,1,7
222,1946141409341642279.mp3,1,7
223,1946257538835274459.mp3,1,6
224,195793937101501710.mp3,1,4
225,1965794660025340397.mp3,1,7
226,1968295176538392527.mp3,1,5
227,198073611175201881.mp3,1,7
228,1984023260775527008.mp3,1,7
229,1988130443207906372.mp3,1,4
230,1998111252380048851.mp3,1,7
231,2011626434493543324.mp3,1,7
232,2016106776342163491.mp3,1,5
233,2018076709319118483.mp3,1,1
234,2020866299701929369.mp3,1,4
235,2033467648460749927.mp3,1,7
236,2033720287654514765.mp3,1,7
237,2037351267726535815.mp3,1,2
238,2049078060643746205.mp3,1,7
239,2054563117726922465.mp3,1,8
240,2057397192877853654.mp3,1,7
241,2057741060616564547.mp3,1,5
242,2065940428875454907.mp3,1,7
243,2077884144712943875.mp3,1,7
244,2080970156847245372.mp3,1,7
245,2082499044509869908.mp3,1,7
246,2082762729191893009.mp3,1,7
247,2086532839638775590.mp3,1,7
248,208807665983848868.mp3,1,7
249,209171733174337265.mp3,1,1
250,2091850315551701370.mp3,1,4
251,2097277076192865224.mp3,1,4
252,2100360256524925213.mp3,1,3
253,2103321130764214798.mp3,1,7
254,2107971044397200063.mp3,1,7
255,2113374529097092489.mp3,1,2
256,211359355218003519.mp3,1,7
257,2115665629117812565.mp3,1,7
258,2118619550252041228.mp3,1,7
259,2120648453572362260.mp3,1,7
260,2129713002878155526.mp3,1,7
261,2133761556242930647.mp3,1,7
262,2134890175751316932.mp3,1,7
263,2137381575520213873.mp3,1,7
264,2139219311904706568.mp3,1,5
265,2143587922831598700.mp3,1,7
266,2144013565725481905.mp3,1,7
267,214485655897078594.mp3,1,7
268,2154230104956246422.mp3,1,7
269,2157188382700830099.mp3,1,7
270,2158696744093163382.mp3,1,7
271,2171786619778529935.mp3,1,3
272,2177356500393768016.mp3,1,7
273,2182345754246757446.mp3,1,7
274,2185371011629057895.mp3,1,7
275,2189785538817948889.mp3,1,4
276,2197410403124290303.mp3,1,7
277,2205569460764160823.mp3,1,7
278,2206231536820156379.mp3,1,7
279,2207517718301478035.mp3,1,7
280,221086355857632561.mp3,1,7
281,2211490797121232898.mp3,1,3
282,221347029652715949.mp3,1,7
283,2226658062742320963.mp3,1,7
284,2228387132126125142.mp3,1,4
285,2238820653637449022.mp3,1,7
286,2238911648218693798.mp3,1,4
287,2246348909392628438.mp3,1,7
288,224775239031186107.mp3,1,6
289,2257390699642946240.mp3,1,7
290,2258569449363970006.mp3,1,5
291,2261322982433537153.mp3,1,2
292,2267401936653712115.mp3,1,4
293,2269114064560224422.mp3,1,7
294,2272570583141136271.mp3,1,1
295,2273966660787536463.mp3,1,7
296,2278139049401060567.mp3,1,7
297,2282548645725599638.mp3,1,7
298,2292317601169274572.mp3,1,7
299,2298612238678366856.mp3,1,7
300,2301594318381861225.mp3,1,7
301,2308922274560708617.mp3,1,7
302,2325915640942183570.mp3,1,7
303,2331616012325048793.mp3,1,7
304,2334244225921040072.mp3,1,7
305,2337942740902447324.mp3,1,7
306,2342235280191287157.mp3,1,7
307,2344177898405118741.mp3,1,7
308,2347929381572792664.mp3,1,3
309,2350921936617434772.mp3,1,4
310,2351722072175598265.mp3,1,4
311,2352755616008459911.mp3,1,7
312,2354352163388330098.mp3,1,5
313,2360065047345516477.mp3,1,4
314,2362867353584714040.mp3,1,7
315,2365008972529641048.mp3,1,7
316,2392405078461855910.mp3,1,7
317,240757619140878618.mp3,1,7
318,2409945023936457731.mp3,1,3
319,2410691002915854738.mp3,1,7
320,2412072723684171039.mp3,1,3
321,2415527739948113242.mp3,1,7
322,2420933674968528515.mp3,1,7
323,2421880432208160086.mp3,1,7
324,2422989338274690539.mp3,1,7
325,2426573461738277252.mp3,1,7
326,2438200031829616698.mp3,1,4
327,2441674050172873881.mp3,1,1
328,244663008738809510.mp3,1,7
329,2448780857487472660.mp3,1,1
330,2451115145253339176.mp3,1,7
331,2461028133493571532.mp3,1,7
332,2463072566501022218.mp3,1,7
333,2473751386377396700.mp3,1,7
334,2495719500712745070.mp3,1,7
335,2496182169191661782.mp3,1,7
336,2505200614912729070.mp3,1,7
337,2505669723168317672.mp3,1,7
338,2505924359106079543.mp3,1,7
339,2523622741958018273.mp3,1,4
340,2524510748442394104.mp3,1,7
341,2532007391447135691.mp3,1,7
342,2533472676039754092.mp3,1,7
343,2533690326271031687.mp3,1,3
344,2535730704425495543.mp3,1,7
345,2541412531794438658.mp3,1,2
346,2541721676759777218.mp3,1,7
347,2548618668993326880.mp3,1,7
348,2553209070149373991.mp3,1,5
349,2557763554821951371.mp3,1,1
350,2558398454434848160.mp3,1,7
351,2559659086056864929.mp3,1,7
352,2570160629727944102.mp3,1,7
353,2574109029020312089.mp3,1,3
354,2582052078602925186.mp3,1,7
355,258270852712899319.mp3,1,7
356,2584671240938983033.mp3,1,5
357,2584755046035136886.mp3,1,7
358,2586027604668105793.mp3,1,4
359,2606748880635782389.mp3,1,7
360,2609117268774512394.mp3,1,4
361,2609170970165977991.mp3,1,7
362,2611991768679740843.mp3,1,7
363,26125535198250522.mp3,1,7
364,2614236975839261228.mp3,1,7
365,2618977550320208991.mp3,1,7
366,2623116921274612314.mp3,1,7
367,2624552435443407645.mp3,1,9
368,2630711649314240884.mp3,1,3
369,2638140131079430727.mp3,1,3
370,2638513109935876691.mp3,1,7
371,2651681306624298816.mp3,1,7
372,2666772699445672903.mp3,1,1
373,2668286078145731871.mp3,1,7
374,2674405029520032564.mp3,1,4
375,2684431973371062583.mp3,1,7
376,2686397250754163735.mp3,1,7
377,2712869564189942269.mp3,1,7
378,2723266506392224695.mp3,1,7
379,2723879707354995675.mp3,1,7
380,2735614914163466713.mp3,1,7
381,2744741060642353258.mp3,1,2
382,275438186979770752.mp3,1,7
383,2763291115849403347.mp3,1,7
384,2766773174875551704.mp3,1,7
385,277011090044216725.mp3,1,7
386,2776771310657862868.mp3,1,3
387,2778287730134219418.mp3,1,7
388,2781334934565155334.mp3,1,7
389,2788817477319209568.mp3,1,7
390,2793170534768531149.mp3,1,7
391,2800694150963407337.mp3,1,7
392,2801928189429797344.mp3,1,7
393,280210904040073883.mp3,1,7
394,2808818014289560834.mp3,1,3
395,2808818586171873575.mp3,1,7
396,2809594901818679758.mp3,1,7
397,2812515789683093035.mp3,1,7
398,2816729246035797527.mp3,1,7
399,2827040491647983952.mp3,1,7
400,2836584473196963399.mp3,1,7
401,2836720292762893520.mp3,1,7
402,2846577988337691010.mp3,1,7
403,284729749976245347.mp3,1,7
404,2854234419693177139.mp3,1,7
405,2860886541642814501.mp3,1,7
406,2862580375976222817.mp3,1,7
407,2876681911163399913.mp3,1,7
408,2881960743045046456.mp3,1,1
409,2896297773694325956.mp3,1,2
410,2898189093776356981.mp3,1,3
411,2898838923549675030.mp3,1,7
412,290097953738752997.mp3,1,4
413,2901848861777890762.mp3,1,7
414,2903634634240675785.mp3,1,3
415,2923319507580958631.mp3,1,7
416,2932028712146299498.mp3,1,9
417,2937143873375568423.mp3,1,7
418,2937692208638174145.mp3,1,4
419,2938380189161233464.mp3,1,7
420,2953446077871827945.mp3,1,1
421,295787375322019923.mp3,1,7
422,2961756533793036391.mp3,1,7
423,2967194617890938476.mp3,1,5
424,296746395953482653.mp3,1,7
425,2973416589310055528.mp3,1,4
426,2989974901366593142.mp3,1,7
427,2991540262194786649.mp3,1,3
428,2994328669989913288.mp3,1,7
429,2995495223519815091.mp3,1,4
430,3005813428981109728.mp3,1,7
431,3012049250273009302.mp3,1,7
432,3012881224792912729.mp3,1,7
433,3013155155303435044.mp3,1,7
434,3018883652384741264.mp3,1,7
435,301956098681096818.mp3,1,7
436,3025212627168323952.mp3,1,5
437,3032406581849359564.mp3,1,7
438,3043935363511208549.mp3,1,1
439,3050452035562056387.mp3,1,7
440,3060081065892296002.mp3,1,7
441,3062510268527210620.mp3,1,7
442,3064977657542495080.mp3,1,5
443,307432919326574514.mp3,1,7
444,3086517593350886627.mp3,1,7
445,3087687093782702641.mp3,1,1
446,3093770521795506787.mp3,1,7
447,3112994596251721500.mp3,1,7
448,3118286679076664410.mp3,1,7
449,3124003182299600732.mp3,1,7
450,3130016863221812341.mp3,1,5
451,3131883317302178964.mp3,1,5
452,3138257228197740547.mp3,1,7
453,3142295209046778703.mp3,1,7
454,3147709733607312861.mp3,1,7
455,3149878938540980850.mp3,1,5
456,31557683473307910.mp3,1,7
457,3158100929146068097.mp3,1,7
458,3167426563510969142.mp3,1,7
459,3168172719905654201.mp3,1,7
460,316854855271966105.mp3,1,7
461,317738043034497992.mp3,1,7
462,3179088223950955430.mp3,1,7
463,3180957897147874691.mp3,1,1
464,3186111965923241743.mp3,1,7
465,319662731121683024.mp3,1,7
466,3208773300699425875.mp3,1,7
467,3211509238207518811.mp3,1,7
468,3215721408900501720.mp3,1,7
469,3218590377885917592.mp3,1,7
470,3226842418699324327.mp3,1,7
471,3233322688347087842.mp3,1,5
472,3237704667611346295.mp3,1,7
473,3238005428526244059.mp3,1,7
474,3238491896654054392.mp3,1,7
475,3238619934624421104.mp3,1,7
476,3240802020055775244.mp3,1,7
477,3241029767605114014.mp3,1,7
478,3241074535268749043.mp3,1,7
479,3246107057904534985.mp3,1,2
480,3250046046421198810.mp3,1,7
481,3253830351323559473.mp3,1,7
482,3270528765189876363.mp3,1,7
483,3284453846485178341.mp3,1,1
484,3287395814969693934.mp3,1,7
485,3288360021616993022.mp3,1,7
486,3290366559512878907.mp3,1,7
487,3294364532267624923.mp3,1,5
488,3294394827858792189.mp3,1,7
489,3294577676422760979.mp3,1,3
490,3295977805759311185.mp3,1,7
491,3297107475316239950.mp3,1,7
492,32992449760024299.mp3,1,7
493,3322421635182864203.mp3,1,7
494,3327697831113895432.mp3,1,7
495,3330147662238318893.mp3,1,7
496,3337178021209266317.mp3,1,7
497,3343911494495494133.mp3,1,7
498,3371571738464581245.mp3,1,7
499,3371744599877004752.mp3,1,7
500,3374067047742939504.mp3,1,7
501,3377778543580328979.mp3,1,4
502,3382325664363664222.mp3,1,7
503,3390140157817261288.mp3,1,5
504,3402512349510661396.mp3,1,7
505,3405976597305708899.mp3,1,7
506,3411734314387343677.mp3,1,7
507,341304957396658593.mp3,1,7
508,3417801273000788442.mp3,1,7
509,3420682681990059769.mp3,1,3
510,3423460324814755962.mp3,1,1
511,3430503564047431191.mp3,1,7
512,3430551868124058697.mp3,1,7
513,3440500422372036528.mp3,1,7
514,3441730268967759442.mp3,1,7
515,3443683093256907853.mp3,1,7
516,3448970001642940242.mp3,1,7
517,3460609878704623875.mp3,1,7
518,3467229689692369387.mp3,1,3
519,3471670509266583780.mp3,1,7
520,347556125684013006.mp3,1,4
521,3479632868097405613.mp3,1,7
522,3481339898748166371.mp3,1,7
523,3481734396802482144.mp3,1,7
524,3482339314394157551.mp3,1,7
525,3495118530739384583.mp3,1,3
526,3497136092871320660.mp3,1,3
527,3500323237046614941.mp3,1,7
528,3503717914714909582.mp3,1,6
529,350883404489449513.mp3,1,7
530,351293401009410500.mp3,1,7
531,3521704551597585318.mp3,1,7
532,3529207254005680418.mp3,1,3
533,3534401920268914578.mp3,1,7
534,353488561827450561.mp3,1,7
535,3542490973175321081.mp3,1,7
536,35539603471016543.mp3,1,7
537,3568584022254345078.mp3,1,7
538,3570326764940060293.mp3,1,7
539,3572522527171431819.mp3,1,7
540,3572668976126747548.mp3,1,7
541,3576851482152322475.mp3,1,7
542,3578163493699067292.mp3,1,7
543,3586455328300536381.mp3,1,7
544,3593284564282687873.mp3,1,7
545,3596976244349411787.mp3,1,3
546,3602123805917717984.mp3,1,7
547,3606020326340637958.mp3,1,3
548,3625358287938361075.mp3,1,7
549,3638359947265048969.mp3,1,5
550,3639494217252053015.mp3,1,7
551,3642621056525856442.mp3,1,7
552,3645755571056143471.mp3,1,7
553,364813124443310566.mp3,1,7
554,364859425966123734.mp3,1,2
555,3670330670090359471.mp3,1,6
556,3673535987578124590.mp3,1,7
557,3680431045253645872.mp3,1,7
558,3693291935629962556.mp3,1,7
559,3694871317126681464.mp3,1,7
560,3695742168662270544.mp3,1,1
561,3706162006550700554.mp3,1,7
562,3707526607084880455.mp3,1,7
563,3709824886520273743.mp3,1,7
564,3719272082983309482.mp3,1,2
565,3727259740353311964.mp3,1,2
566,373059356760374976.mp3,1,7
567,3740659448935778989.mp3,1,7
568,3740995868221911994.mp3,1,7
569,3749967397256399332.mp3,1,7
570,37556633667997865.mp3,1,7
571,3761711838286139979.mp3,1,5
572,3766987736074501973.mp3,1,7
573,3774021440238285022.mp3,1,7
574,3783824969426434982.mp3,1,1
575,3790913735726499420.mp3,1,7
576,3795113160764460261.mp3,1,7
577,3796942518795565747.mp3,1,7
578,3800586359733751480.mp3,1,7
579,3818553108547497313.mp3,1,7
580,3819140237368868180.mp3,1,7
581,3821043073824167513.mp3,1,7
582,3822944827912013472.mp3,1,3
583,382681952786304570.mp3,1,5
584,3833815050498191794.mp3,1,7
585,3837443658955053536.mp3,1,7
586,3838089376012347476.mp3,1,7
587,3853878048966500422.mp3,1,7
588,3859658544056899720.mp3,1,3
589,3859792582799838401.mp3,1,7
590,386652602550994688.mp3,1,7
591,3868108639719968727.mp3,1,7
592,3871453907287710829.mp3,1,7
593,3874441987824182744.mp3,1,7
594,3877015630110826205.mp3,1,7
595,388213518592119651.mp3,1,3
596,3882179257538916175.mp3,1,7
597,3884771984461082626.mp3,1,7
598,3886795164825860149.mp3,1,7
599,3899270495705321977.mp3,1,7
600,3902725549875868029.mp3,1,7
601,3906724986242455665.mp3,1,7
602,3908551695858404285.mp3,1,7
603,3920610227071786871.mp3,1,2
604,392550845384634561.mp3,1,7
605,3934752043729696651.mp3,1,7
606,3935078955494745828.mp3,1,7
607,3935348701297995634.mp3,1,7
608,3936305846944492233.mp3,1,7
609,3936676539892358508.mp3,1,5
610,3946035721867353576.mp3,1,4
611,3947759358677726315.mp3,1,5
612,3949370430778352870.mp3,1,7
613,3950674845634945352.mp3,1,4
614,3956264704107017341.mp3,1,4
615,396087529225779452.mp3,1,7
616,396094939225302784.mp3,1,4
617,3964453398338150630.mp3,1,7
618,396827004023426854.mp3,1,7
619,3985130297971313769.mp3,1,7
620,3990556412329632552.mp3,1,7
621,4007525681347279799.mp3,1,7
622,4009822946205919180.mp3,1,7
623,401074603527674006.mp3,1,7
624,4013717766217620239.mp3,1,5
625,4020611844033746532.mp3,1,7
626,4021854061243316198.mp3,1,7
627,402365091365984415.mp3,1,7
628,4036718032882416882.mp3,1,7
629,4048077722373571192.mp3,1,7
630,4050187890475625321.mp3,1,7
631,4052040223151239778.mp3,1,7
632,4055756036787236468.mp3,1,7
633,4056754875090650460.mp3,1,7
634,4060636064580151307.mp3,1,5
635,406478462032111170.mp3,1,7
636,4064872599571306444.mp3,1,7
637,4067415473041328069.mp3,1,7
638,4072838957145254328.mp3,1,7
639,4082980159326276473.mp3,1,3
640,4085794920356569501.mp3,1,5
641,4097086706610892682.mp3,1,6
642,4098246846504073424.mp3,1,7
643,4099040190049459668.mp3,1,7
644,4105098145293470032.mp3,1,7
645,4119208993454173668.mp3,1,7
646,4119690288452373988.mp3,1,5
647,4122700118250154451.mp3,1,5
648,4138472773612367738.mp3,1,7
649,4141511528880739258.mp3,1,7
650,4147422018105385618.mp3,1,7
651,4153481759588220211.mp3,1,7
652,4166169123620565745.mp3,1,7
653,417656875129849844.mp3,1,7
654,4179917223431574451.mp3,1,7
655,4187246866859656720.mp3,1,7
656,4194974380883136656.mp3,1,7
657,4205316665010955474.mp3,1,4
658,4206014253046604756.mp3,1,7
659,420996319686165000.mp3,1,7
660,4211267402009178083.mp3,1,2
661,4213028168917167519.mp3,1,7
662,4215175547534613610.mp3,1,7
663,4228233394410683562.mp3,1,7
664,422915540707086106.mp3,1,7
665,4235522833785596143.mp3,1,7
666,4238735492100289671.mp3,1,7
667,4243482871250237809.mp3,1,7
668,4244268717460511225.mp3,1,7
669,4244680343402327222.mp3,1,7
670,4248302573205964149.mp3,1,7
671,4252331705098425137.mp3,1,6
672,4260854017883758691.mp3,1,4
673,4266389170938241491.mp3,1,7
674,427751192122625476.mp3,1,5
675,4283054791396105281.mp3,1,7
676,4291206114368024488.mp3,1,5
677,4292845283148465264.mp3,1,4
678,4298590303357809706.mp3,1,7
679,4301462159576475921.mp3,1,7
680,4305516530725479429.mp3,1,7
681,4322161946040836680.mp3,1,7
682,4325385894694189746.mp3,1,7
683,4326475767090517505.mp3,1,6
684,4328907324330594084.mp3,1,7
685,4337469986017988996.mp3,1,0
686,43488191879832896.mp3,1,2
687,4350712491957180183.mp3,1,3
688,4357419971925181207.mp3,1,4
689,4360199382718683924.mp3,1,7
690,4364602262196812279.mp3,1,7
691,4368071197309309056.mp3,1,7
692,4368465255652264482.mp3,1,7
693,4370311925119534048.mp3,1,7
694,4374885773880107858.mp3,1,7
695,4378585869634130932.mp3,1,2
696,4380976612722445983.mp3,1,7
697,4383091487353386354.mp3,1,7
698,4385176255406580513.mp3,1,7
699,439163982045086824.mp3,1,7
700,4393204324737100915.mp3,1,3
701,4394166837597819941.mp3,1,4
702,4413134907525287994.mp3,1,7
703,4415832494109621727.mp3,1,7
704,4421555890481038690.mp3,1,7
705,4423676491671128384.mp3,1,1
706,4426969456364314016.mp3,1,7
707,4432837769140614118.mp3,1,7
708,4432935947263457720.mp3,1,7
709,4437713607046012579.mp3,1,7
710,4440642330146206509.mp3,1,7
711,4443372761903854143.mp3,1,7
712,4452878910014290536.mp3,1,7
713,4456376753226287340.mp3,1,3
714,4457948932180906440.mp3,1,7
715,4465067502273776541.mp3,1,7
716,4469035442436101672.mp3,1,7
717,4469330921034474879.mp3,1,7
718,4471697501307103704.mp3,1,4
719,4473473392936045880.mp3,1,7
720,4474768351794776059.mp3,1,7
721,4477913559201747041.mp3,1,1
722,4492340521436974322.mp3,1,7
723,4499973404199783971.mp3,1,7
724,4501013660245448709.mp3,1,7
725,4504349418626328136.mp3,1,7
726,4507817983970418735.mp3,1,7
727,4512927897766856140.mp3,1,4
728,4532603748002808257.mp3,1,2
729,4533392769580802305.mp3,1,7
730,4533750226510044203.mp3,1,6
731,453378106059965901.mp3,1,7
732,4540209835762654271.mp3,1,7
733,4551712070073913891.mp3,1,7
734,4555658450479291124.mp3,1,7
735,4555887909481326773.mp3,1,7
736,4559782829550297022.mp3,1,7
737,4562465319065692023.mp3,1,7
738,4564167301814015581.mp3,1,4
739,4573464738262686748.mp3,1,4
740,45782967460996410.mp3,1,7
741,4578813930008414614.mp3,1,7
742,4580453420146982100.mp3,1,1
743,4584588826990772675.mp3,1,7
744,4585566126641703263.mp3,1,7
745,4594681326281881128.mp3,1,7
746,4594961164643754628.mp3,1,4
747,4598273816898950843.mp3,1,7
748,4601720148813651821.mp3,1,7
749,460368595363437455.mp3,1,7
750,4603878938279661917.mp3,1,7
751,4604336784267395684.mp3,1,4
752,460701828514650214.mp3,1,7
753,460792733931793189.mp3,1,3
754,4617501932866643855.mp3,1,1
755,4622926193112317854.mp3,1,7
756,4624911837201804102.mp3,1,9
757,4633807146284714277.mp3,1,7
758,4633884193933950677.mp3,1,7
759,4639139502456294251.mp3,1,7
760,4643598209267991791.mp3,1,7
761,4648439077209665781.mp3,1,0
762,4649470306141900926.mp3,1,7
763,4650696120159999678.mp3,1,7
764,4661192642432810128.mp3,1,3
765,4661398429816960415.mp3,1,7
766,4664412499751268687.mp3,1,7
767,4677503956406857113.mp3,1,5
768,4682578707537285450.mp3,1,7
769,4685798316652962630.mp3,1,7
770,4692275952495685238.mp3,1,5
771,4694773048777317819.mp3,1,7
772,4701790681086404921.mp3,1,4
773,4704881461785725423.mp3,1,7
774,4706069389370764478.mp3,1,7
775,4706958224750768062.mp3,1,7
776,4712207995941519936.mp3,1,5
777,4716929215077859377.mp3,1,7
778,4721907253913994356.mp3,1,2
779,472403950922034560.mp3,1,7
780,4728303992984718148.mp3,1,5
781,4728512023674922653.mp3,1,2
782,4728658120382806738.mp3,1,7
783,4729335616744133602.mp3,1,7
784,4729483046528227656.mp3,1,4
785,4739328325827621687.mp3,1,7
786,4742134415852781675.mp3,1,7
787,4743989686027646512.mp3,1,7
788,4744374856820737723.mp3,1,7
789,4749899731534666465.mp3,1,7
790,4751991218789103176.mp3,1,7
791,4753083852072088381.mp3,1,7
792,4760600419919538719.mp3,1,1
793,4763885318285716412.mp3,1,7
794,4769155012231698073.mp3,1,7
795,4776031240242103628.mp3,1,9
796,4783832364134846551.mp3,1,7
797,4785754035830121574.mp3,1,3
798,4786153263680706839.mp3,1,1
799,4788783760420994879.mp3,1,7
800,4792642626982703482.mp3,1,4
801,4801896677194039664.mp3,1,3
802,4806131792247034916.mp3,1,7
803,4812766981366165892.mp3,1,7
804,4816872764844668646.mp3,1,4
805,4817593648056327437.mp3,1,4
806,4823580518279589145.mp3,1,3
807,4831334459513867096.mp3,1,4
808,4843323856799913537.mp3,1,7
809,4847339957473988857.mp3,1,7
810,4849187598276403611.mp3,1,7
811,4850414068479491959.mp3,1,7
812,4851169053247685747.mp3,1,7
813,4851477010106346953.mp3,1,1
814,485197932581865531.mp3,1,7
815,4857804474470071537.mp3,1,7
816,4866588958538704545.mp3,1,7
817,4867431942395163418.mp3,1,7
818,4874356566012641936.mp3,1,7
819,4875305464721826378.mp3,1,5
820,487542110885728619.mp3,1,7
821,4878516366790583291.mp3,1,1
822,4881629783423555704.mp3,1,7
823,4881883665915185570.mp3,1,7
824,4892620491963853041.mp3,1,3
825,4901613698790549115.mp3,1,7
826,4903705131282779493.mp3,1,7
827,4903711711401978401.mp3,1,7
828,4904075261664321084.mp3,1,7
829,4907760848200152629.mp3,1,7
830,491158506737848813.mp3,1,7
831,4918631458593413476.mp3,1,6
832,4921062772603251076.mp3,1,7
833,4921585953535776369.mp3,1,7
834,4922156957098468227.mp3,1,6
835,4926875210940617548.mp3,1,7
836,4927154925510801056.mp3,1,7
837,492774516906297059.mp3,1,1
838,4936414328166940697.mp3,1,6
839,4942829564949208431.mp3,1,1
840,4945997495458470444.mp3,1,7
841,4951786004265801813.mp3,1,7
842,4958102039164653710.mp3,1,7
843,4961856330304790270.mp3,1,7
844,4970190683819888421.mp3,1,7
845,4970664721447418613.mp3,1,3
846,4975673060848124701.mp3,1,7
847,4987324619160596616.mp3,1,7
848,499237786830305335.mp3,1,7
849,4994388414728398754.mp3,1,7
850,5018446144177082360.mp3,1,1
851,5036639718858302352.mp3,1,7
852,5042118247540168848.mp3,1,7
853,5043482963011180722.mp3,1,7
854,505031370308687471.mp3,1,7
855,5050489101512231348.mp3,1,7
856,5052928557282166354.mp3,1,7
857,506413838513465224.mp3,1,2
858,5070878805959038155.mp3,1,7
859,5071370598129932541.mp3,1,7
860,5072222955178881662.mp3,1,7
861,5088292306139713571.mp3,1,7
862,508849521612373803.mp3,1,3
863,5091530227002217952.mp3,1,7
864,5092206921329117194.mp3,1,7
865,5101836000325865366.mp3,1,7
866,5102752601945619972.mp3,1,4
867,5111537843154144633.mp3,1,7
868,511360411773907116.mp3,1,5
869,5125837298199481749.mp3,1,3
870,5129614431458589642.mp3,1,4
871,5140475447793068122.mp3,1,7
872,5140534799089938557.mp3,1,7
873,5143628791748004457.mp3,1,5
874,5144415122309623658.mp3,1,7
875,5152405963932538658.mp3,1,7
876,515865209538375698.mp3,1,3
877,5159332957060276548.mp3,1,7
878,5161352309851124164.mp3,1,7
879,5168860044872627265.mp3,1,7
880,5175859077091850680.mp3,1,2
881,5183458799150520936.mp3,1,7
882,5188574710587429074.mp3,1,4
883,5202848692263195485.mp3,1,7
884,5205483497978089253.mp3,1,7
885,5211464396583681861.mp3,1,7
886,5221550884596385830.mp3,1,9
887,5221829838534650695.mp3,1,5
888,522341821835508762.mp3,1,7
889,5231646769375300045.mp3,1,7
890,5249397577666691201.mp3,1,7
891,52550495785152175.mp3,1,1
892,5257064295076378195.mp3,1,7
893,5260632163483449396.mp3,1,7
894,5261350052568308900.mp3,1,7
895,5261728932489520198.mp3,1,7
896,5262164485493254717.mp3,1,7
897,5266770264407681715.mp3,1,7
898,5269131615600942905.mp3,1,4
899,5276869405563142757.mp3,1,3
900,5278196294508073257.mp3,1,7
901,527911792913146320.mp3,1,7
902,5282867898825172891.mp3,1,7
903,5283214685778279820.mp3,1,7
904,5302433209718448475.mp3,1,7
905,5302720742504644965.mp3,1,1
906,5303857270446942623.mp3,1,7
907,5309600301312827856.mp3,1,7
908,5311753642635202486.mp3,1,2
909,5317573125854438869.mp3,1,1
910,5331264228921675404.mp3,1,7
911,5331964458013498248.mp3,1,7
912,5332267662826135260.mp3,1,7
913,5338874159232726646.mp3,1,7
914,5343760878126361726.mp3,1,6
915,5347235716769894937.mp3,1,4
916,5347598326463124477.mp3,1,7
917,5354258108174729681.mp3,1,7
918,535894016977540203.mp3,1,7
919,536623284778627027.mp3,1,3
920,5366403978513107581.mp3,1,9
921,5376829480345830507.mp3,1,7
922,5385141563479573831.mp3,1,7
923,5385300898231107700.mp3,1,4
924,5385559727381894928.mp3,1,7
925,5390463669019279113.mp3,1,7
926,5404283253664409286.mp3,1,7
927,5406881768492263557.mp3,1,7
928,5411571078528934792.mp3,1,1
929,5412697051757903716.mp3,1,7
930,5414151819213852885.mp3,1,7
931,5415040862129675181.mp3,1,4
932,5418351290520427576.mp3,1,3
933,5418572360765726268.mp3,1,7
934,5426007323454639034.mp3,1,7
935,5432579686590056482.mp3,1,7
936,5435166629761023088.mp3,1,7
937,5437850974357659745.mp3,1,7
938,5439758723793181119.mp3,1,7
939,5446049491501241006.mp3,1,5
940,5450829532898349224.mp3,1,7
941,545991490839554539.mp3,1,5
942,5490218274478475002.mp3,1,7
943,5491981762968618010.mp3,1,7
944,5493379050259217106.mp3,1,7
945,5500508556205613855.mp3,1,3
946,55026625225896916.mp3,1,7
947,5505172497977118005.mp3,1,7
948,5507752616941841573.mp3,1,7
949,5512934151415627850.mp3,1,4
950,5515009438151679923.mp3,1,7
951,5530505669973576922.mp3,1,7
952,5531089270245623540.mp3,1,7
953,5541326798080537778.mp3,1,7
954,5543513211732946763.mp3,1,7
955,5545982410594834207.mp3,1,1
956,5556317294009984107.mp3,1,3
957,5560307726500254474.mp3,1,7
958,5562446802494798397.mp3,1,7
959,5564468445379648476.mp3,1,7
960,556726356461785218.mp3,1,7
961,5572748544651881399.mp3,1,7
962,5574599427591715267.mp3,1,7
963,5579326041233241788.mp3,1,5
964,559410811781746048.mp3,1,7
965,5600432156061352169.mp3,1,5
966,5601452479845132172.mp3,1,7
967,5604540037831914221.mp3,1,7
968,5612436177236376730.mp3,1,2
969,5613608669515584661.mp3,1,7
970,5614479045924967659.mp3,1,1
971,5623962756119976013.mp3,1,7
972,5625039907657519166.mp3,1,7
973,564952594951119525.mp3,1,7
974,5651089393029534255.mp3,1,7
975,5654614300951893107.mp3,1,7
976,5660975157409425285.mp3,1,7
977,5663208556895814930.mp3,1,5
978,5665744957670769010.mp3,1,7
979,5676854963487295451.mp3,1,7
980,5691320070844679759.mp3,1,7
981,5699913430320472961.mp3,1,7
982,5703810219476499863.mp3,1,8
983,5704220236907595863.mp3,1,7
984,5709478845007604404.mp3,1,7
985,5712834653550182466.mp3,1,9
986,5731177146376745139.mp3,1,7
987,5734627225211072131.mp3,1,7
988,5736309465420826020.mp3,1,7
989,5738337087976109032.mp3,1,4
990,574039374780925548.mp3,1,5
991,5754205284115403481.mp3,1,7
992,5764550898948152556.mp3,1,7
993,5764865176100613919.mp3,1,7
994,5768019984008510905.mp3,1,4
995,5781833276596242534.mp3,1,9
996,5794294777770306582.mp3,1,7
997,5795311346906315900.mp3,1,7
998,5818919415309274487.mp3,1,7
999,582241017213707388.mp3,1,1
1000,5828346531462486282.mp3,1,7
1001,5830709243312377504.mp3,1,5
1002,5832329084160079355.mp3,1,7
1003,5837175189147055796.mp3,1,4
1004,583898376634401976.mp3,1,7
1005,583904723309928515.mp3,1,3
1006,584689903124175740.mp3,1,7
1007,5855470941129534366.mp3,1,7
1008,5858576139121800955.mp3,1,4
1009,5861113832669361824.mp3,1,7
1010,5861554439168567008.mp3,1,7
1011,5870272665829088211.mp3,1,7
1012,5873892294220943611.mp3,1,7
1013,5902923057158865128.mp3,1,7
1014,5908521001898219036.mp3,1,7
1015,5910091347405073746.mp3,1,7
1016,59147287172955151.mp3,1,7
1017,5915991487958893974.mp3,1,7
1018,5937197575161236599.mp3,1,6
1019,5938899773061484989.mp3,1,1
1020,5939213673724622148.mp3,1,7
1021,59415923686715151.mp3,1,7
1022,5942536235605841095.mp3,1,7
1023,5959349927575923593.mp3,1,1
1024,5961123935751036713.mp3,1,7
1025,5966245251773799945.mp3,1,7
1026,5967419932741274517.mp3,1,7
1027,5967695368258191940.mp3,1,7
1028,5971384051268869946.mp3,1,7
1029,5985875904719118947.mp3,1,7
1030,598707540027268946.mp3,1,3
1031,598819272528006469.mp3,1,7
1032,5991124320547309034.mp3,1,7
1033,5995341951360161307.mp3,1,7
1034,6003200105556771924.mp3,1,7
1035,6006207508308522164.mp3,1,7
1036,6023132867113719804.mp3,1,7
1037,6023300413439490986.mp3,1,7
1038,6028581281869073156.mp3,1,7
1039,603741878481653681.mp3,1,7
1040,6045505600705165463.mp3,1,1
1041,6048627374023403453.mp3,1,7
1042,6048904419584558041.mp3,1,7
1043,6054252249536477688.mp3,1,7
1044,6061898967973310131.mp3,1,7
1045,6067133018405198271.mp3,1,7
1046,6068743229056066680.mp3,1,7
1047,607168860406327428.mp3,1,7
1048,6074618814673175571.mp3,1,7
1049,6085737759299512235.mp3,1,7
1050,6090885961751080474.mp3,1,7
1051,6093897972142485772.mp3,1,4
1052,6095416840909654518.mp3,1,7
1053,6096004479881233616.mp3,1,7
1054,6103341615924313882.mp3,1,7
1055,6106442041564539339.mp3,1,7
1056,6110949186472242443.mp3,1,2
1057,6118004713087568925.mp3,1,7
1058,6121182184875032374.mp3,1,4
1059,6123974909284015451.mp3,1,7
1060,6135870410213335188.mp3,1,7
1061,6162240154465634862.mp3,1,7
1062,6163277001864853323.mp3,1,7
1063,6186528321586660463.mp3,1,7
1064,6187201956310219958.mp3,1,7
1065,6195113717926155931.mp3,1,6
1066,6199560406255336140.mp3,1,7
1067,620321533541150589.mp3,1,7
1068,6205016200290565188.mp3,1,7
1069,6207398330730662505.mp3,1,6
1070,6213613244142754233.mp3,1,7
1071,6216366429482657295.mp3,1,7
1072,6216652000112138251.mp3,1,7
1073,6224166973956118677.mp3,1,7
1074,6228885788671420040.mp3,1,7
1075,6230940902568193710.mp3,1,3
1076,6239134356008330378.mp3,1,7
1077,6239930286963576615.mp3,1,4
1078,624041474296323086.mp3,1,5
1079,624172206746451652.mp3,1,5
1080,6246964600087249645.mp3,1,7
1081,6250365760835876740.mp3,1,7
1082,6261017797474771035.mp3,1,7
1083,6265508633101522343.mp3,1,7
1084,6272276230916690237.mp3,1,7
1085,6273799168618209512.mp3,1,7
1086,6273950077912437133.mp3,1,7
1087,6274171108934553531.mp3,1,7
1088,6275650993646698495.mp3,1,7
1089,6276581919821887518.mp3,1,1
1090,6283785773980099029.mp3,1,7
1091,6285878369872031046.mp3,1,3
1092,628625576697370070.mp3,1,7
1093,6286533934894574994.mp3,1,7
1094,6291993355895242563.mp3,1,2
1095,6301625677396506272.mp3,1,7
1096,6307129284364520397.mp3,1,7
1097,6310605814644287391.mp3,1,7
1098,6325511167992453988.mp3,1,3
1099,6333396528987821582.mp3,1,7
1100,6338535080547851107.mp3,1,7
1101,633924799134971341.mp3,1,6
1102,634560803082961673.mp3,1,5
1103,6347459026246291691.mp3,1,7
1104,6353115662472253731.mp3,1,7
1105,6353722703868597703.mp3,1,7
1106,6358937585943718207.mp3,1,7
1107,6362254176856816142.mp3,1,7
1108,6364260659351718931.mp3,1,7
1109,636554488759544982.mp3,1,3
1110,6368203709439546752.mp3,1,7
1111,6378319189225901141.mp3,1,7
1112,638371580018815545.mp3,1,7
1113,640016014740019928.mp3,1,4
1114,6402033115301123216.mp3,1,7
1115,641375653204369679.mp3,1,5
1116,6421086463384666268.mp3,1,7
1117,642394692833904574.mp3,1,7
1118,6423949927007879127.mp3,1,7
1119,6430697847856605750.mp3,1,7
1120,6432033455299923563.mp3,1,0
1121,643550229357557442.mp3,1,4
1122,643900425280883686.mp3,1,7
1123,6440077893045289307.mp3,1,7
1124,6444802319982023355.mp3,1,7
1125,6445943692970671022.mp3,1,7
1126,644812234185283284.mp3,1,7
1127,6454335064733697006.mp3,1,7
1128,6459217819210489861.mp3,1,7
1129,6472648774567567357.mp3,1,1
1130,6474726230809904560.mp3,1,6
1131,6480253832012243551.mp3,1,1
1132,6486459535987391240.mp3,1,7
1133,6489641591570479839.mp3,1,7
1134,65050959134737982.mp3,1,7
1135,6511601148576196012.mp3,1,7
1136,6513180793458412209.mp3,1,7
1137,6515250906689569207.mp3,1,3
1138,6516723819402572826.mp3,1,7
1139,6522605651621027080.mp3,1,3
1140,6525359181212309285.mp3,1,7
1141,6529181978402064425.mp3,1,7
1142,6540625287975601885.mp3,1,4
1143,6546050774785102115.mp3,1,7
1144,6548872796314427929.mp3,1,7
1145,6550218627541440467.mp3,1,7
1146,6555158900176432294.mp3,1,7
1147,6559598820107093445.mp3,1,7
1148,6560826013746759388.mp3,1,7
1149,6573557157679230483.mp3,1,3
1150,6575762267057944542.mp3,1,4
1151,6579043441196463683.mp3,1,7
1152,6586778027315229116.mp3,1,4
1153,6588068325999639150.mp3,1,7
1154,6590418888390474476.mp3,1,7
1155,6604512070282423878.mp3,1,7
1156,6613580896426698352.mp3,1,9
1157,661961030082730480.mp3,1,3
1158,6623595788698877502.mp3,1,7
1159,6630066542028717993.mp3,1,3
1160,663048611805101266.mp3,1,7
1161,6632299098172727325.mp3,1,3
1162,6633186689219983283.mp3,1,7
1163,663393742874413498.mp3,1,7
1164,6640521428302199377.mp3,1,7
1165,6643005018980681987.mp3,1,7
1166,6644778444749537644.mp3,1,7
1167,6650683421753462421.mp3,1,2
1168,6652742194428053454.mp3,1,7
1169,6653829980174193695.mp3,1,7
1170,6654318669110372010.mp3,1,7
1171,6656754959381734450.mp3,1,7
1172,665739326188378363.mp3,1,7
1173,6662690305633377042.mp3,1,7
1174,6672171525186189857.mp3,1,7
1175,6673085998562089061.mp3,1,7
1176,6673339018238856360.mp3,1,7
1177,6673628793383162400.mp3,1,5
1178,6685547272423624674.mp3,1,7
1179,6701772648342055647.mp3,1,7
1180,6703448856458319345.mp3,1,7
1181,671003694213624717.mp3,1,7
1182,6713774947916076130.mp3,1,7
1183,6714905742296562977.mp3,1,7
1184,673192794141672163.mp3,1,7
1185,6745942135897059477.mp3,1,7
1186,674831039836268941.mp3,1,7
1187,6748692239197896452.mp3,1,7
1188,6755245476830804788.mp3,1,2
1189,6762865888540783256.mp3,1,7
1190,6763986225437675567.mp3,1,7
1191,6775856841495179892.mp3,1,7
1192,6776009808200600724.mp3,1,7
1193,677626092068734274.mp3,1,7
1194,6782919543151968701.mp3,1,7
1195,6783025186293954308.mp3,1,7
1196,6790684080137264142.mp3,1,7
1197,6792907728760876396.mp3,1,7
1198,6799111991982855112.mp3,1,3
1199,6804860482046397244.mp3,1,7
1200,6823179248134665353.mp3,1,7
1201,6824186357552613956.mp3,1,3
1202,6824941727203936548.mp3,1,7
1203,6825198754855803136.mp3,1,7
1204,6827914413125825161.mp3,1,7
1205,6828141155062628677.mp3,1,2
1206,6831025467303217412.mp3,1,5
1207,6833224442760990017.mp3,1,7
1208,6839646525438952179.mp3,1,7
1209,6851550540597743431.mp3,1,2
1210,6854424448107986066.mp3,1,1
1211,6870076557223876418.mp3,1,7
1212,6874549818961013727.mp3,1,7
1213,6877005731464326706.mp3,1,7
1214,6880788822129185888.mp3,1,4
1215,6882683723870744629.mp3,1,7
1216,6892173050054646899.mp3,1,7
1217,6896852846601469734.mp3,1,7
1218,6900235368204154465.mp3,1,4
1219,6900304335173078375.mp3,1,7
1220,6900815567270583998.mp3,1,7
1221,6909381800872031524.mp3,1,4
1222,6912821613498523891.mp3,1,7
1223,6927847654839167364.mp3,1,7
1224,6932583742100118753.mp3,1,7
1225,6939801901255514070.mp3,1,7
1226,6941345677030103459.mp3,1,7
1227,6943254391652096205.mp3,1,7
1228,6948334229515516269.mp3,1,5
1229,6952177106532235483.mp3,1,1
1230,6957048893822918405.mp3,1,7
1231,6959418350605076226.mp3,1,7
1232,6961429333950706181.mp3,1,7
1233,6966148729459751719.mp3,1,7
1234,6970952417424973638.mp3,1,7
1235,6972417547127014591.mp3,1,7
1236,6981432238123284789.mp3,1,7
1237,6982715333040784382.mp3,1,7
1238,6986079737079026519.mp3,1,5
1239,6990245306567408830.mp3,1,4
1240,6995882918681100354.mp3,1,7
1241,6997963734045538471.mp3,1,7
1242,7000179000506425951.mp3,1,7
1243,7002269346071113017.mp3,1,7
1244,701385306230304081.mp3,1,7
1245,7015940781091604973.mp3,1,3
1246,7024883713935577167.mp3,1,7
1247,7029335588072984213.mp3,1,1
1248,7030798022452232501.mp3,1,4
1249,7033607638162261175.mp3,1,4
1250,7044325851247257849.mp3,1,7
1251,7045005534512108474.mp3,1,7
1252,7047440815631645850.mp3,1,7
1253,7048657134128349034.mp3,1,7
1254,7051340980661773069.mp3,1,7
1255,7052803598030798304.mp3,1,7
1256,7055328599130420675.mp3,1,7
1257,7063954931177099784.mp3,1,7
1258,7071130759019135032.mp3,1,7
1259,7085436575317843353.mp3,1,6
1260,7087490580703627484.mp3,1,7
1261,7094860446282730497.mp3,1,3
1262,7098059961826381090.mp3,1,7
1263,7104551006086520405.mp3,1,7
1264,7106493246817483531.mp3,1,7
1265,7113360513128101993.mp3,1,7
1266,7123981136102443562.mp3,1,7
1267,7126888744255389905.mp3,1,7
1268,7128242445715392384.mp3,1,7
1269,7129941187045853892.mp3,1,7
1270,7142973478254510857.mp3,1,3
1271,7144339516512777612.mp3,1,7
1272,7147316337123931528.mp3,1,7
1273,7147539271305900178.mp3,1,5
1274,7151482883346117674.mp3,1,4
1275,7155688773738458858.mp3,1,7
1276,7169717038240701039.mp3,1,7
1277,7169869313051015565.mp3,1,4
1278,7170638284930902756.mp3,1,7
1279,71736756038930703.mp3,1,7
1280,7181698618210679143.mp3,1,7
1281,7184869415726216650.mp3,1,7
1282,7190722535512592652.mp3,1,7
1283,7196898561658933927.mp3,1,7
1284,7206561773496860009.mp3,1,7
1285,7207445932206986029.mp3,1,7
1286,7210805577688913808.mp3,1,7
1287,7214394209623319212.mp3,1,7
1288,721821545661065010.mp3,1,7
1289,7222365241099567559.mp3,1,7
1290,7222913663289006202.mp3,1,5
1291,7243177025159432284.mp3,1,7
1292,7248376971595199920.mp3,1,7
1293,7265284720775549261.mp3,1,7
1294,7271265213810524431.mp3,1,7
1295,7278708185751572821.mp3,1,7
1296,7288654293574118400.mp3,1,5
1297,730333382220221087.mp3,1,7
1298,7307889954025074076.mp3,1,7
1299,7308741948878214222.mp3,1,4
1300,7313616841703272716.mp3,1,7
1301,7316954246280276019.mp3,1,3
1302,7332838023974717957.mp3,1,7
1303,7333220011492666200.mp3,1,7
1304,733799522964700502.mp3,1,7
1305,733813920623139074.mp3,1,3
1306,7338529697848080804.mp3,1,7
1307,7342117811717191314.mp3,1,7
1308,7345391860180860122.mp3,1,7
1309,7346538016052895815.mp3,1,9
1310,7350684137841845372.mp3,1,7
1311,7357715012502862522.mp3,1,7
1312,7358484465205718220.mp3,1,7
1313,736071478687912370.mp3,1,7
1314,7361109889216383120.mp3,1,7
1315,7373440466740155010.mp3,1,7
1316,7379271060182763664.mp3,1,7
1317,737952069254204004.mp3,1,4
1318,7381947162661069782.mp3,1,7
1319,7383764943066647265.mp3,1,7
1320,7391015642051049281.mp3,1,7
1321,7395219131372100549.mp3,1,7
1322,739647284174483853.mp3,1,7
1323,7397370061631532164.mp3,1,7
1324,7398518007702120497.mp3,1,7
1325,7407864103210168663.mp3,1,7
1326,7410589972817873106.mp3,1,7
1327,7428402335508726079.mp3,1,7
1328,7430437591556505283.mp3,1,7
1329,7431500044913423565.mp3,1,7
1330,7439699551683020779.mp3,1,3
1331,7440021241178202897.mp3,1,4
1332,7448650796882719500.mp3,1,7
1333,7453861578059318708.mp3,1,7
1334,7460065737942843642.mp3,1,7
1335,7461180191036624396.mp3,1,7
1336,7461370111658095029.mp3,1,5
1337,746145816062151821.mp3,1,7
1338,7473522347785679566.mp3,1,7
1339,7474876501029586110.mp3,1,7
1340,7477482054493003845.mp3,1,7
1341,7482778034322867961.mp3,1,3
1342,7485535432556672978.mp3,1,7
1343,7497618621506093888.mp3,1,7
1344,7498545690004658712.mp3,1,7
1345,750335655291701819.mp3,1,7
1346,7516038690382850804.mp3,1,7
1347,7516207314025553170.mp3,1,7
1348,752446367399516209.mp3,1,4
1349,7551933002243091620.mp3,1,1
1350,7552149714305459272.mp3,1,3
1351,7559781723371691130.mp3,1,7
1352,7580033454038052743.mp3,1,7
1353,7597402786987406847.mp3,1,7
1354,760129047009562307.mp3,1,7
1355,7610381019118693254.mp3,1,5
1356,7615908304639999794.mp3,1,7
1357,7619368609551494382.mp3,1,7
1358,7627851104937801563.mp3,1,7
1359,7630795792795165922.mp3,1,7
1360,7633804504897723122.mp3,1,7
1361,7636745328783263075.mp3,1,7
1362,7638057573713029493.mp3,1,7
1363,7639285897709790463.mp3,1,1
1364,7642103132188465297.mp3,1,5
1365,765102805134902289.mp3,1,7
1366,7658917556166254900.mp3,1,3
1367,7669852589922070641.mp3,1,7
1368,7679217766787027853.mp3,1,7
1369,7680424199614025234.mp3,1,7
1370,7681605868451196147.mp3,1,7
1371,7683367114634447183.mp3,1,1
1372,7686600251408713872.mp3,1,3
1373,7689298988986505636.mp3,1,7
1374,7690113143772355873.mp3,1,7
1375,769324660406593844.mp3,1,3
1376,7693468404894450562.mp3,1,7
1377,7707776029145551088.mp3,1,7
1378,7715652543134957142.mp3,1,7
1379,7718439785966885206.mp3,1,7
1380,7719350204997667771.mp3,1,7
1381,7721483092838076676.mp3,1,4
1382,772342093271109726.mp3,1,7
1383,7724975966350303213.mp3,1,7
1384,7727377015156274756.mp3,1,7
1385,7732735474480358257.mp3,1,5
1386,7732826607048097992.mp3,1,7
1387,7738925445076708076.mp3,1,7
1388,773908987176594986.mp3,1,7
1389,7739702884103417846.mp3,1,3
1390,7740327577713345926.mp3,1,7
1391,7741414696577707647.mp3,1,7
1392,77453529328852417.mp3,1,3
1393,7762772299295818006.mp3,1,5
1394,7764776871454530416.mp3,1,7
1395,7778970576569246837.mp3,1,7
1396,7780754735209759710.mp3,1,3
1397,7794246667697748508.mp3,1,7
1398,7795659277051103359.mp3,1,1
1399,7798462409908523314.mp3,1,7
1400,7799334055026144670.mp3,1,7
1401,7799792706880822142.mp3,1,7
1402,7804693715123348303.mp3,1,7
1403,7817956219382490482.mp3,1,5
1404,7818310571994210311.mp3,1,4
1405,782185344072931521.mp3,1,7
1406,782823043709208459.mp3,1,7
1407,7834066381241109230.mp3,1,7
1408,7836105909198397456.mp3,1,2
1409,7837971842419422669.mp3,1,7
1410,7839205318184979120.mp3,1,7
1411,7839405805260237932.mp3,1,7
1412,7844010824104140903.mp3,1,7
1413,7846151122021130190.mp3,1,7
1414,7851968571364988751.mp3,1,2
1415,7856036722104334166.mp3,1,0
1416,7858657960680518844.mp3,1,7
1417,7869712150073170725.mp3,1,7
1418,7873251638760369986.mp3,1,7
1419,7876753744142003377.mp3,1,7
1420,7881343443054121509.mp3,1,7
1421,7891896119470288261.mp3,1,4
1422,7898002495049247983.mp3,1,7
1423,7898217414784769999.mp3,1,7
1424,7900641597764190494.mp3,1,5
1425,7900800884721935224.mp3,1,7
1426,7904099455275714515.mp3,1,7
1427,7919676955833146902.mp3,1,7
1428,7923131820442575001.mp3,1,7
1429,792392422639199003.mp3,1,7
1430,7927045115786067788.mp3,1,2
1431,7938526185950293965.mp3,1,7
1432,7953977903292388521.mp3,1,7
1433,7958065491421603729.mp3,1,7
1434,7959081893531793132.mp3,1,3
1435,7973011159357859820.mp3,1,7
1436,7979659466457661091.mp3,1,7
1437,7982573642882139871.mp3,1,7
1438,7995292730198612173.mp3,1,7
1439,8000482392027680928.mp3,1,7
1440,8007529072520167189.mp3,1,3
1441,8008245360998681690.mp3,1,4
1442,8011477996358310683.mp3,1,7
1443,801253123848048959.mp3,1,4
1444,801941491319339313.mp3,1,7
1445,8025649850784668301.mp3,1,7
1446,802600137508677619.mp3,1,7
1447,8027047104600587771.mp3,1,7
1448,802824718949000560.mp3,1,7
1449,8032907219678789851.mp3,1,7
1450,8033014377577632076.mp3,1,7
1451,804229915345667357.mp3,1,5
1452,8044925376257610978.mp3,1,7
1453,8044936713062274234.mp3,1,7
1454,8051170301365823576.mp3,1,7
1455,8056222717680624429.mp3,1,7
1456,805956045632481569.mp3,1,4
1457,8059623602874161848.mp3,1,5
1458,8063854585034068229.mp3,1,7
1459,8065392814703097114.mp3,1,7
1460,8065828128659305217.mp3,1,7
1461,8067608204491406898.mp3,1,7
1462,8083043414886571888.mp3,1,7
1463,8083484403843864206.mp3,1,7
1464,8084451893151694960.mp3,1,7
1465,8085389000600246292.mp3,1,3
1466,8086036960913623065.mp3,1,7
1467,808981029076114417.mp3,1,7
1468,8090381857203344680.mp3,1,7
1469,8096410219310451813.mp3,1,7
1470,8099978428916627835.mp3,1,7
1471,8100987886450624746.mp3,1,7
1472,8101842142882562347.mp3,1,7
1473,8106940376204234677.mp3,1,7
1474,8119936822069758987.mp3,1,7
1475,813348028284449439.mp3,1,7
1476,8136423863792795056.mp3,1,7
1477,8155288904374172737.mp3,1,6
1478,8159814919288764792.mp3,1,7
1479,8166808767866236455.mp3,1,7
1480,8181878080136299467.mp3,1,1
1481,8184718352831702214.mp3,1,7
1482,8184986624268146131.mp3,1,7
1483,8194209670863855655.mp3,1,7
1484,8197683621655527969.mp3,1,7
1485,8197967631950687042.mp3,1,7
1486,8199993942464091368.mp3,1,7
1487,8201151895086081640.mp3,1,7
1488,8204821510830926612.mp3,1,7
1489,821875655766099077.mp3,1,7
1490,8223186124432208842.mp3,1,1
1491,8240638752172424113.mp3,1,7
1492,8246904725466359129.mp3,1,7
1493,8248202094158190947.mp3,1,2
1494,8252706314310867023.mp3,1,7
1495,8261198970230730793.mp3,1,7
1496,8262888714486912135.mp3,1,7
1497,8268034878175051668.mp3,1,7
1498,8268556918698040148.mp3,1,7
1499,8271787949229411516.mp3,1,7
1500,8273467866120185354.mp3,1,4
1501,8282019459353365706.mp3,1,7
1502,8284711328721439950.mp3,1,1
1503,8286802889207495861.mp3,1,7
1504,8288780021599943179.mp3,1,7
1505,8300852695306151464.mp3,1,5
1506,8309980723439272224.mp3,1,4
1507,83101065899482526.mp3,1,5
1508,8316389361514842564.mp3,1,7
1509,8316627579198351997.mp3,1,3
1510,8323065637499578353.mp3,1,1
1511,8330659105035723535.mp3,1,2
1512,8333830120184385560.mp3,1,5
1513,8336019663342890684.mp3,1,7
1514,8336692129417018363.mp3,1,7
1515,8339537359690522392.mp3,1,7
1516,8345698620900575167.mp3,1,7
1517,8362089382672105207.mp3,1,7
1518,8367269292645807345.mp3,1,7
1519,8367843541926961864.mp3,1,7
1520,8371223229493999019.mp3,1,7
1521,8379104320793272041.mp3,1,2
1522,8379242862041790523.mp3,1,7
1523,8380965599631571655.mp3,1,7
1524,8387318442730958597.mp3,1,7
1525,8389781587087191143.mp3,1,5
1526,840187164577730674.mp3,1,7
1527,8408752838774984445.mp3,1,7
1528,8413251381046437987.mp3,1,7
1529,8422008398404283826.mp3,1,7
1530,8422817735872255823.mp3,1,7
1531,8427969719952390493.mp3,1,3
1532,8435899309658725692.mp3,1,3
1533,8439983772087997063.mp3,1,3
1534,8441491920365543670.mp3,1,7
1535,8442383183396693910.mp3,1,7
1536,844250654595549421.mp3,1,7
1537,8443521484590168984.mp3,1,7
1538,8445661481655827773.mp3,1,7
1539,8451457534690994508.mp3,1,7
1540,8452131826639841686.mp3,1,7
1541,8453027610951764737.mp3,1,7
1542,8453759241397774154.mp3,1,4
1543,8458711956084392998.mp3,1,7
1544,8460388905778022337.mp3,1,1
1545,8463136513680767292.mp3,1,7
1546,8464224214383188972.mp3,1,7
1547,8466598689646401741.mp3,1,5
1548,8466896740624141678.mp3,1,7
1549,8470674783431133235.mp3,1,7
1550,8475088116932717321.mp3,1,7
1551,8482585181514755829.mp3,1,7
1552,8482911802052059186.mp3,1,4
1553,8483868153482503295.mp3,1,7
1554,8486187057987695904.mp3,1,4
1555,8487295039760178866.mp3,1,7
1556,8491837236751970568.mp3,1,7
1557,8492394220063342750.mp3,1,7
1558,8493058232266902312.mp3,1,4
1559,8497560991065181160.mp3,1,7
1560,8498918293145092823.mp3,1,7
1561,8499016556968773816.mp3,1,7
1562,8502533886589332132.mp3,1,7
1563,8504971357133268064.mp3,1,7
1564,850794319210503073.mp3,1,7
1565,8508193785730725181.mp3,1,7
1566,8510133482683911194.mp3,1,7
1567,8510636781776839750.mp3,1,7
1568,8547864915034455945.mp3,1,2
1569,8553559227546751292.mp3,1,7
1570,8554066207285688275.mp3,1,5
1571,8554778492968577857.mp3,1,4
1572,8554815506644909379.mp3,1,9
1573,8554850180770610526.mp3,1,7
1574,8555279125035119222.mp3,1,1
1575,8558387189813600260.mp3,1,7
1576,8559803905449638835.mp3,1,7
1577,8562343540795386915.mp3,1,7
1578,8566907815396622979.mp3,1,7
1579,8569191874104897603.mp3,1,7
1580,8578204278564800500.mp3,1,7
1581,8579528710095759606.mp3,1,7
1582,8581691541759163344.mp3,1,7
1583,8585990166938104199.mp3,1,3
1584,8590380616400335954.mp3,1,7
1585,8594968185545670592.mp3,1,7
1586,8600014179633429400.mp3,1,6
1587,8604231012014566133.mp3,1,7
1588,8606992438841011391.mp3,1,4
1589,8607162560644285366.mp3,1,7
1590,8617974682187687750.mp3,1,9
1591,8621149505592512457.mp3,1,5
1592,8624738519647518914.mp3,1,7
1593,8632767047609350206.mp3,1,5
1594,863375949856784719.mp3,1,1
1595,8635934135645486941.mp3,1,7
1596,8636476987435596001.mp3,1,7
1597,8638829579742188007.mp3,1,2
1598,8639449387763094272.mp3,1,7
1599,8640371296830064959.mp3,1,7
1600,8647418465508120654.mp3,1,5
1601,8647491749686831075.mp3,1,7
1602,8650056136403179691.mp3,1,7
1603,8658069932565670838.mp3,1,7
1604,8658366676338348431.mp3,1,7
1605,8666293825155464602.mp3,1,7
1606,8666744341349484305.mp3,1,7
1607,8667926714566541524.mp3,1,7
1608,8673053348077205616.mp3,1,7
1609,8682156415094232896.mp3,1,7
1610,8692222999023772061.mp3,1,7
1611,8695046541899148833.mp3,1,1
1612,869531853105950351.mp3,1,7
1613,869894390681301489.mp3,1,7
1614,8699837399563552432.mp3,1,7
1615,8706208139651914044.mp3,1,7
1616,8706481039978465912.mp3,1,7
1617,8708990590432948449.mp3,1,4
1618,8709396680505450073.mp3,1,7
1619,8710188052663594596.mp3,1,7
1620,8711288177615156798.mp3,1,5
1621,8712967409600649545.mp3,1,4
1622,8714627687646844487.mp3,1,7
1623,873312080173855340.mp3,1,7
1624,8734303556379000690.mp3,1,7
1625,8734502828158051641.mp3,1,5
1626,8737596816612735807.mp3,1,7
1627,8738763832958555801.mp3,1,2
1628,8739472774124320771.mp3,1,7
1629,8743920893237471849.mp3,1,7
1630,8748229050962274839.mp3,1,7
1631,8748917260644827522.mp3,1,7
1632,874937137103829499.mp3,1,7
1633,8754342108813690428.mp3,1,7
1634,8760832209107322517.mp3,1,3
1635,8778459562521543214.mp3,1,7
1636,8782516860520347621.mp3,1,7
1637,8791816819055036017.mp3,1,7
1638,8794728034421856114.mp3,1,7
1639,8797329247242675740.mp3,1,2
1640,8798051520136407909.mp3,1,7
1641,8805635573369809788.mp3,1,7
1642,8805799505564567254.mp3,1,7
1643,8806906327608745177.mp3,1,7
1644,8807672845491818457.mp3,1,7
1645,8814362602136892749.mp3,1,5
1646,881822995553936995.mp3,1,7
1647,8844483114266408648.mp3,1,7
1648,8846712237709284935.mp3,1,7
1649,8856704304000048160.mp3,1,7
1650,887136242343573016.mp3,1,7
1651,8873432861998116552.mp3,1,7
1652,8880860081589905511.mp3,1,3
1653,8881036441948885714.mp3,1,3
1654,8882270932328239236.mp3,1,7
1655,8888349499378414553.mp3,1,7
1656,8890016346562690043.mp3,1,7
1657,8890124367582331509.mp3,1,7
1658,8894275166512751869.mp3,1,7
1659,889764584948388076.mp3,1,7
1660,8902795002849816443.mp3,1,5
1661,890328155106017848.mp3,1,7
1662,8903353833071671134.mp3,1,3
1663,890951669327278576.mp3,1,7
1664,8912555348161470154.mp3,1,7
1665,8913558342774992941.mp3,1,7
1666,8922854497913236038.mp3,1,7
1667,8923412411591025009.mp3,1,7
1668,893202773253656926.mp3,1,5
1669,8936595188233298160.mp3,1,7
1670,8944887794859424279.mp3,1,4
1671,8954858692330302048.mp3,1,7
1672,8968089792070158319.mp3,1,7
1673,8976341901654388537.mp3,1,7
1674,8986199983954708746.mp3,1,7
1675,8990811638326982359.mp3,1,7
1676,8994298381966503423.mp3,1,7
1677,8997077292352794307.mp3,1,3
1678,8998127580457698378.mp3,1,7
1679,8999390303566150369.mp3,1,7
1680,9005521173307372253.mp3,1,7
1681,9005716468366465400.mp3,1,7
1682,90108683945243766.mp3,1,5
1683,9014693140955267254.mp3,1,7
1684,9024948071156029429.mp3,1,7
1685,9030835657521176124.mp3,1,7
1686,9033808172192747871.mp3,1,7
1687,9034207153896559577.mp3,1,7
1688,90446581717243088.mp3,1,7
1689,9046222858809743412.mp3,1,7
1690,9049460975971197397.mp3,1,2
1691,9052782663351604437.mp3,1,7
1692,9055480979236335834.mp3,1,3
1693,9056160256657381981.mp3,1,1
1694,9058512804288945750.mp3,1,7
1695,90804884939613526.mp3,1,7
1696,9082213957381013701.mp3,1,7
1697,9094617533507881745.mp3,1,4
1698,9100441977736364128.mp3,1,7
1699,9107123666099814121.mp3,1,7
1700,9109986568377786393.mp3,1,7
1701,9119127366452389713.mp3,1,7
1702,9130689964730180646.mp3,1,7
1703,9138177393062684584.mp3,1,7
1704,9140394543388282298.mp3,1,7
1705,9140418965082437290.mp3,1,7
1706,9147653532779083736.mp3,1,7
1707,9153895130652663237.mp3,1,7
1708,9157655451541907668.mp3,1,7
1709,9159747494710146040.mp3,1,7
1710,9175549072311490345.mp3,1,7
1711,9188913035896454723.mp3,1,7
1712,9192037608708551104.mp3,1,1
1713,9192440807324628250.mp3,1,7
1714,919640355868347004.mp3,1,3
1715,9196884138796339571.mp3,1,7
1716,9215941366394040565.mp3,1,7
1717,931429561406672787.mp3,1,7
1718,93272425505838015.mp3,1,7
1719,937174230198519610.mp3,1,7
1720,938752217387375089.mp3,1,7
1721,948895983127701913.mp3,1,7
1722,950526135535502955.mp3,1,7
1723,954543064401854390.mp3,1,7
1724,954554775632695653.mp3,1,3
1725,959496553265893947.mp3,1,5
1726,964728134288279694.mp3,1,7
1727,964762589995415253.mp3,1,7
1728,964763998797140819.mp3,1,3
1729,967003751310107099.mp3,1,7
1730,967386391864889877.mp3,1,2
1731,981182867752147019.mp3,1,7
1732,992888775050630550.mp3,1,7
